name,email,gender
1,hsidney0@csmonitor.com,Male
2,kathowe1@auda.org.au,Female
3,gweyland2@desdev.cn,Male
4,scormack3@cafepress.com,Male
5,ahowlings4@harvard.edu,Male
6,bnaile5@de.vu,Male
7,abolmann6@tamu.edu,Female
8,jmangam7@bluehost.com,Female
9,mmullis8@nba.com,Male
10,dreadman9@technorati.com,Female
11,stownshenda@aboutads.info,Male
12,kivantsovb@last.fm,Male
13,scoynec@sphinn.com,Male
14,raronowiczd@walmart.com,Male
15,sretallacke@twitpic.com,Female
16,mhardestyf@webmd.com,Male
17,jdeversong@blinklist.com,Male
18,csyrieh@dailymotion.com,Female
19,solunnyi@biblegateway.com,Male
20,earnaldj@g.co,Female
21,krodiek@yandex.ru,Female
22,clamasl@naver.com,Male
23,gstainsm@prweb.com,Male
24,kfadiann@craigslist.org,Female
25,dhareo@bigcartel.com,Male
26,wasburyp@scientificamerican.com,Female
27,alawrensonq@blog.com,Female
28,nraymondr@xinhuanet.com,Female
29,dlambersens@netscape.com,Male
30,jferyt@addtoany.com,Female
31,covillu@eventbrite.com,Female
32,mhaniganv@timesonline.co.uk,Male
33,mcastrow@csmonitor.com,Male
34,jinchleyx@rambler.ru,Female
35,ahounihany@pinterest.com,Male
36,ggawkesz@cnbc.com,Female
37,dobin10@intel.com,Male
38,deadon11@facebook.com,Female
39,schilley12@usda.gov,Female
40,csteadman13@geocities.com,Female
41,mrubroe14@miibeian.gov.cn,Male
42,cdragoe15@state.gov,Male
43,nfretwell16@lycos.com,Female
44,cfobidge17@gizmodo.com,Female
45,ksynder18@fema.gov,Female
46,mspadari19@freewebs.com,Female
47,calhirsi1a@who.int,Male
48,rshovelbottom1b@cyberchimps.com,Female
49,bllorente1c@shinystat.com,Male
50,dtisun1d@wikispaces.com,Male
51,ltyres1e@ox.ac.uk,Female
52,blansly1f@sina.com.cn,Male
53,scapron1g@netvibes.com,Male
54,battlee1h@indiatimes.com,Male
55,nstutt1i@jugem.jp,Male
56,ksingyard1j@51.la,Male
57,mlewnden1k@google.ca,Male
58,rmcalinion1l@naver.com,Male
59,dshotton1m@cbslocal.com,Female
60,eslocum1n@examiner.com,Female
61,crameau1o@shop-pro.jp,Male
62,egercken1p@gravatar.com,Female
63,zastill1q@creativecommons.org,Female
64,asandilands1r@slashdot.org,Female
65,lhaliday1s@elegantthemes.com,Male
66,gkondratovich1t@google.it,Male
67,sfullilove1u@elpais.com,Female
68,aroggieri1v@geocities.jp,Male
69,sbremond1w@nasa.gov,Male
70,mblaylock1x@google.com.hk,Female
71,apugsley1y@google.de,Male
72,fsquibb1z@canalblog.com,Male
73,amakiver20@epa.gov,Female
74,adesport21@live.com,Female
75,jbartleman22@blog.com,Female
76,rrudsdell23@icq.com,Male
77,gcastenda24@pcworld.com,Female
78,awhitcombe25@umich.edu,Female
79,ecanada26@time.com,Female
80,pkrysiak27@mlb.com,Male
81,bburford28@biblegateway.com,Female
82,agheorghe29@amazonaws.com,Male
83,pdewire2a@admin.ch,Male
84,kbernaert2b@alexa.com,Male
85,jruddiman2c@webs.com,Female
86,hhallihan2d@canalblog.com,Female
87,dklosterman2e@miitbeian.gov.cn,Female
88,dsherreard2f@ask.com,Male
89,mbarkworth2g@dailymotion.com,Female
90,ktrim2h@businessinsider.com,Male
91,mmaudson2i@springer.com,Male
92,mdungey2j@zdnet.com,Female
93,crhule2k@usatoday.com,Female
94,mstocken2l@wunderground.com,Female
95,csubhan2m@google.com.hk,Male
96,ringolotti2n@cnn.com,Female
97,hbrooksbank2o@reference.com,Male
98,tdenge2p@weather.com,Female
99,bbrisley2q@facebook.com,Female
100,bgiabuzzi2r@dailymotion.com,Male
101,hmyrick2s@t.co,Female
102,bwatsam2t@printfriendly.com,Female
103,ccorser2u@jugem.jp,Male
104,ckorous2v@example.com,Female
105,bleipelt2w@usatoday.com,Female
106,efakeley2x@wufoo.com,Female
107,khexam2y@reuters.com,Female
108,isellars2z@redcross.org,Male
109,kchanson30@i2i.jp,Female
110,opeterson31@yahoo.co.jp,Male
111,bneesam32@uiuc.edu,Male
112,cferrettini33@whitehouse.gov,Male
113,shaggeth34@scientificamerican.com,Male
114,tdennick35@irs.gov,Male
115,gmeriott36@nature.com,Male
116,cabatelli37@gov.uk,Female
117,pcorrado38@a8.net,Female
118,atomaszkiewicz39@lycos.com,Male
119,vallsworth3a@paypal.com,Female
120,cmerigot3b@sakura.ne.jp,Female
121,jstrettell3c@cargocollective.com,Male
122,sgoatman3d@boston.com,Female
123,mblake3e@miitbeian.gov.cn,Male
124,tkuschek3f@dropbox.com,Female
125,ajozwicki3g@time.com,Male
126,aaucoate3h@fema.gov,Male
127,cpoluzzi3i@t.co,Female
128,jbendtsen3j@cnbc.com,Female
129,lskippings3k@printfriendly.com,Female
130,ckildale3l@skype.com,Male
131,ccawker3m@google.es,Male
132,carnaez3n@accuweather.com,Male
133,egarmons3o@nymag.com,Male
134,leilhart3p@newsvine.com,Female
135,emafham3q@shinystat.com,Male
136,mstennes3r@unc.edu,Male
137,aheeran3s@sitemeter.com,Female
138,mbernardi3t@springer.com,Male
139,atomlin3u@istockphoto.com,Male
140,bcromly3v@ox.ac.uk,Female
141,smaddick3w@fc2.com,Female
142,ghue3x@ftc.gov,Male
143,kroddan3y@ovh.net,Female
144,sbrecknell3z@berkeley.edu,Female
145,cnarracott40@biglobe.ne.jp,Male
146,nfehner41@washington.edu,Male
147,camiranda42@xing.com,Male
148,sgoldsby43@walmart.com,Male
149,hguppey44@tinypic.com,Male
150,jfarbrother45@nifty.com,Male
151,akerins46@nbcnews.com,Female
152,npettiford47@miibeian.gov.cn,Female
153,ftouzey48@telegraph.co.uk,Male
154,rdamp49@seattletimes.com,Male
155,arumke4a@businesswire.com,Female
156,wormesher4b@disqus.com,Female
157,bivashin4c@wordpress.org,Male
158,tbraitling4d@netvibes.com,Female
159,abustin4e@nih.gov,Female
160,mmacer4f@mlb.com,Male
161,ograntham4g@jigsy.com,Male
162,edodgshon4h@dell.com,Male
163,varkow4i@abc.net.au,Female
164,bcowern4j@google.es,Female
165,mcuckson4k@webeden.co.uk,Female
166,ntitterton4l@addtoany.com,Male
167,acurtiss4m@webnode.com,Male
168,mpayton4n@vkontakte.ru,Male
169,omaraga4o@vk.com,Female
170,lminshaw4p@huffingtonpost.com,Male
171,sgeraldez4q@columbia.edu,Female
172,ppregal4r@jiathis.com,Male
173,lwhitemarsh4s@wikispaces.com,Male
174,ctarquini4t@theatlantic.com,Male
175,zcosin4u@infoseek.co.jp,Male
176,foventon4v@vinaora.com,Female
177,ebramall4w@dailymotion.com,Female
178,maphale4x@bing.com,Female
179,kwoolaghan4y@phoca.cz,Female
180,gmarnes4z@ibm.com,Male
181,upowrie50@usa.gov,Female
182,eshiliton51@tamu.edu,Male
183,cgreydon52@php.net,Male
184,wmcnamara53@wikia.com,Female
185,fatlay54@typepad.com,Female
186,mjoy55@alexa.com,Male
187,lgrevel56@gizmodo.com,Female
188,sphilipson57@1und1.de,Female
189,iduligall58@washington.edu,Male
190,acramond59@google.com,Female
191,aewbanche5a@xrea.com,Male
192,cservis5b@statcounter.com,Female
193,amcwhan5c@xing.com,Male
194,psomers5d@wisc.edu,Male
195,gkleiner5e@sohu.com,Male
196,tsleeman5f@shutterfly.com,Male
197,sonele5g@japanpost.jp,Female
198,taxworthy5h@auda.org.au,Female
199,dpashan5i@youku.com,Female
200,druzic5j@macromedia.com,Female
201,kciccerale5k@wikipedia.org,Male
202,rgluyas5l@blogspot.com,Male
203,cbereford5m@huffingtonpost.com,Male
204,kfeore5n@constantcontact.com,Male
205,lgreger5o@csmonitor.com,Male
206,sgarley5p@nba.com,Male
207,jlyptratt5q@netlog.com,Male
208,amauvin5r@soundcloud.com,Female
209,cgarrow5s@zdnet.com,Male
210,shickenbottom5t@163.com,Female
211,braun5u@canalblog.com,Female
212,shartless5v@biblegateway.com,Male
213,yblackley5w@uiuc.edu,Female
214,gsmurfit5x@uiuc.edu,Male
215,hbrookwell5y@acquirethisname.com,Female
216,tderobert5z@dailymotion.com,Male
217,cbulfoot60@cnet.com,Male
218,jblasli61@wufoo.com,Female
219,gservice62@ycombinator.com,Female
220,aburgisi63@topsy.com,Female
221,tretter64@pinterest.com,Female
222,glowin65@dell.com,Female
223,gpodd66@quantcast.com,Male
224,emccullough67@auda.org.au,Male
225,glace68@illinois.edu,Female
226,fscragg69@engadget.com,Male
227,mpeerman6a@msu.edu,Female
228,htilliards6b@wunderground.com,Female
229,acapelle6c@github.io,Male
230,ycorten6d@surveymonkey.com,Male
231,lhamlington6e@bluehost.com,Female
232,dcastane6f@jiathis.com,Male
233,charvey6g@senate.gov,Female
234,athripp6h@godaddy.com,Male
235,kburchess6i@bing.com,Female
236,igonet6j@paginegialle.it,Male
237,bcowlin6k@thetimes.co.uk,Male
238,llamie6l@howstuffworks.com,Male
239,lalps6m@facebook.com,Female
240,jrapa6n@rediff.com,Male
241,eatyeo6o@gov.uk,Female
242,kegger6p@artisteer.com,Male
243,nmchardy6q@washingtonpost.com,Female
244,dchadbourne6r@yahoo.com,Female
245,tbeales6s@intel.com,Female
246,rdundridge6t@comsenz.com,Female
247,hmcneill6u@linkedin.com,Male
248,fbranscombe6v@uiuc.edu,Female
249,goneil6w@newyorker.com,Male
250,rcruden6x@blogtalkradio.com,Female
251,gruslen6y@facebook.com,Female
252,cwitheford6z@gizmodo.com,Male
253,smylan70@imageshack.us,Female
254,dpickin71@theatlantic.com,Female
255,kmorden72@hibu.com,Female
256,gharsant73@ibm.com,Female
257,pmonson74@histats.com,Female
258,hdequincey75@thetimes.co.uk,Female
259,tsprosson76@lycos.com,Male
260,cpitford77@intel.com,Male
261,nnimmo78@bbc.co.uk,Male
262,kmaun79@indiatimes.com,Female
263,uaxford7a@zimbio.com,Female
264,dwilson7b@edublogs.org,Male
265,wschinetti7c@admin.ch,Female
266,cfairchild7d@jigsy.com,Female
267,mbillanie7e@fc2.com,Female
268,pjinks7f@cnn.com,Male
269,hgritsaev7g@goo.gl,Male
270,ygemmell7h@google.nl,Female
271,crumford7i@mapy.cz,Female
272,gcleaver7j@github.io,Male
273,ghavile7k@ucoz.com,Female
274,dborsi7l@opensource.org,Male
275,xpachta7m@rakuten.co.jp,Female
276,fcorkel7n@japanpost.jp,Male
277,lwillcot7o@delicious.com,Male
278,tavory7p@wiley.com,Female
279,kworks7q@shutterfly.com,Male
280,odrever7r@umn.edu,Male
281,dbartod7s@craigslist.org,Female
282,bmiskelly7t@nba.com,Male
283,nsibbs7u@gizmodo.com,Female
284,cwiltshier7v@storify.com,Male
285,moxford7w@biglobe.ne.jp,Female
286,jcaurah7x@census.gov,Female
287,ltilbrook7y@topsy.com,Male
288,ibohlje7z@google.fr,Male
289,bubsdall80@craigslist.org,Male
290,srebillard81@princeton.edu,Male
291,arutherford82@ihg.com,Male
292,mmcvicker83@bandcamp.com,Male
293,qgarfirth84@google.fr,Male
294,amcindoe85@hhs.gov,Female
295,mrockhill86@github.com,Male
296,mslaight87@smugmug.com,Male
297,dfoulis88@ucla.edu,Male
298,jlaydon89@yahoo.co.jp,Female
299,mdrejer8a@people.com.cn,Female
300,ncheves8b@google.it,Male
301,creboulet8c@ucsd.edu,Male
302,njuan8d@tinypic.com,Male
303,ctombleson8e@diigo.com,Female
304,amazillius8f@domainmarket.com,Male
305,kredolfi8g@fastcompany.com,Male
306,kmcness8h@youku.com,Female
307,bespinoza8i@digg.com,Female
308,egreenhouse8j@nationalgeographic.com,Female
309,kdudden8k@umn.edu,Male
310,asket8l@yahoo.com,Male
311,aainsworth8m@drupal.org,Female
312,pbayston8n@webs.com,Female
313,sabbe8o@meetup.com,Male
314,ibrimman8p@mit.edu,Female
315,esacaze8q@marriott.com,Male
316,rjaxon8r@virginia.edu,Female
317,hlillecrop8s@xinhuanet.com,Female
318,kcarnell8t@amazon.de,Female
319,kvautin8u@feedburner.com,Male
320,nwhipp8v@goo.gl,Male
321,sshepherd8w@newyorker.com,Female
322,bespadate8x@cbc.ca,Male
323,cgilvear8y@cbsnews.com,Male
324,rjanuszewicz8z@parallels.com,Female
325,dfallis90@about.me,Male
326,dhasty91@ftc.gov,Female
327,edeangelo92@earthlink.net,Female
328,mcoppard93@redcross.org,Female
329,gorrah94@oakley.com,Male
330,hkewish95@w3.org,Male
331,bstrugnell96@unblog.fr,Female
332,wleynagh97@ucsd.edu,Male
333,sseston98@newyorker.com,Male
334,rleaning99@cisco.com,Female
335,edelacourt9a@nifty.com,Male
336,lwhithorn9b@free.fr,Male
337,ssemiraz9c@is.gd,Female
338,cdequesne9d@histats.com,Female
339,mpellatt9e@booking.com,Male
340,sharder9f@studiopress.com,Female
341,tonolan9g@nymag.com,Female
342,bortas9h@shop-pro.jp,Male
343,mhalsey9i@is.gd,Female
344,kbillo9j@mysql.com,Male
345,tdoelle9k@paginegialle.it,Female
346,efranceschelli9l@hud.gov,Female
347,ppullen9m@nydailynews.com,Female
348,jnottram9n@chicagotribune.com,Male
349,bandroli9o@phoca.cz,Male
350,lbromfield9p@myspace.com,Male
351,btedridge9q@slate.com,Male
352,mmcquillen9r@vimeo.com,Female
353,rkainz9s@sogou.com,Male
354,lbrixey9t@cafepress.com,Male
355,adendle9u@spiegel.de,Female
356,aslyman9v@wikispaces.com,Female
357,kdavidovitz9w@redcross.org,Female
358,adomsalla9x@amazon.co.uk,Female
359,agriffitt9y@behance.net,Male
360,jrawstron9z@columbia.edu,Male
361,mstatena0@theglobeandmail.com,Female
362,blandea1@indiegogo.com,Male
363,mbuntinga2@geocities.jp,Female
364,sposera3@sakura.ne.jp,Male
365,gthomassena4@seattletimes.com,Female
366,choysa5@topsy.com,Male
367,fmatthiaea6@intel.com,Female
368,bjakoubeka7@eepurl.com,Male
369,ccarrodusa8@smugmug.com,Male
370,hcainsa9@sciencedaily.com,Female
371,echesmanaa@is.gd,Female
372,mwoodburnab@columbia.edu,Female
373,kadrienneac@mac.com,Male
374,mkesonad@hexun.com,Female
375,lradbandae@angelfire.com,Female
376,ngaitskellaf@icio.us,Female
377,gshollag@paypal.com,Male
378,dvandenbroekah@imgur.com,Female
379,ecoventonai@go.com,Female
380,ggebbaj@statcounter.com,Male
381,ibrientak@go.com,Male
382,choltomal@1und1.de,Female
383,kvasyunkinam@mediafire.com,Female
384,ebirchenoughan@wordpress.com,Female
385,cebbingsao@samsung.com,Female
386,edensieap@discovery.com,Male
387,bparysownaaq@cpanel.net,Female
388,rbrillemanar@domainmarket.com,Female
389,fsivernsas@imageshack.us,Female
390,mpurchallat@kickstarter.com,Female
391,hrohlfingau@ucoz.ru,Female
392,jgullamav@a8.net,Female
393,rszreteraw@xing.com,Male
394,mguietax@reference.com,Male
395,acormodeay@rakuten.co.jp,Male
396,gemslieaz@sogou.com,Female
397,nworpoleb0@booking.com,Female
398,amcphadenb1@vk.com,Male
399,idearesb2@ustream.tv,Male
400,sbaitmanb3@aol.com,Male
401,hgodspeedeb4@reddit.com,Male
402,hrobicb5@upenn.edu,Female
403,tforkerb6@booking.com,Female
404,dchildeb7@dagondesign.com,Male
405,ccomrieb8@github.io,Female
406,hisackb9@java.com,Female
407,ebynethba@dailymail.co.uk,Female
408,tcousinsbb@hugedomains.com,Male
409,pgoodbarbc@cocolog-nifty.com,Female
410,rvalerobd@usda.gov,Male
411,gfalkbe@scientificamerican.com,Female
412,bbishellbf@e-recht24.de,Male
413,tbengalbg@archive.org,Female
414,nmapledoorebh@amazon.de,Female
415,hdavidavidovicsbi@theglobeandmail.com,Male
416,dmickanbj@domainmarket.com,Female
417,ameeganbk@rambler.ru,Male
418,mmarkussenbl@economist.com,Male
419,dsantusbm@free.fr,Female
420,breamebn@paginegialle.it,Male
421,amaymondbo@cbc.ca,Female
422,tburehillbp@shop-pro.jp,Male
423,rbreedbq@google.it,Female
424,aradnedgebr@newsvine.com,Male
425,mcharrettbs@seattletimes.com,Male
426,hbaglinbt@oracle.com,Male
427,wpattinibu@upenn.edu,Male
428,pdwyerbv@naver.com,Female
429,amackelworthbw@cornell.edu,Female
430,djanczykbx@etsy.com,Male
431,cgianottiby@wiley.com,Male
432,tdelaceybz@rakuten.co.jp,Female
433,ariglerc0@cornell.edu,Male
434,asobczakc1@php.net,Male
435,bwartersc2@taobao.com,Male
436,lmactrustyc3@soundcloud.com,Female
437,dwigsellc4@about.com,Female
438,mmcclochc5@issuu.com,Female
439,mshawcroftc6@i2i.jp,Male
440,ukerrodc7@indiegogo.com,Female
441,htodc8@cisco.com,Male
442,lprandinc9@opera.com,Male
443,krisbridgerca@fema.gov,Female
444,fandressercb@springer.com,Female
445,mchoupincc@webmd.com,Female
446,cenrdigocd@example.com,Male
447,dkenrightce@marriott.com,Male
448,lwhilescf@pagesperso-orange.fr,Male
449,dgermainecg@dailymotion.com,Female
450,lgougech@webnode.com,Female
451,adelgatyci@a8.net,Female
452,gkinigcj@chron.com,Female
453,crubinowiczck@moonfruit.com,Male
454,ablonfieldcl@google.com.hk,Male
455,llivingstonecm@un.org,Male
456,cderkscn@imageshack.us,Female
457,mnareco@cnn.com,Male
458,jcortescp@hatena.ne.jp,Male
459,ehandasidecq@sourceforge.net,Female
460,rjoseycr@mysql.com,Male
461,rredheadcs@umich.edu,Male
462,dcorbouldct@marketwatch.com,Male
463,ablamirecu@barnesandnoble.com,Female
464,gjobkecv@imgur.com,Female
465,epicklecw@amazon.co.uk,Female
466,astickneycx@loc.gov,Male
467,adanielovitchcy@phpbb.com,Female
468,jpasquecz@gravatar.com,Male
469,jsanperd0@creativecommons.org,Female
470,stopesd1@dedecms.com,Female
471,jforded2@exblog.jp,Female
472,sgadsdend3@arstechnica.com,Female
473,solivetd4@storify.com,Male
474,cfanshawd5@pbs.org,Female
475,rgamed6@google.nl,Male
476,bmathiassend7@123-reg.co.uk,Male
477,weastond8@godaddy.com,Male
478,tfiddimand9@gnu.org,Female
479,dkelnerda@plala.or.jp,Male
480,amcgeneaydb@reuters.com,Male
481,mwardsdc@ihg.com,Male
482,gwitteringdd@google.it,Male
483,cnoelde@google.ru,Male
484,bpeabodydf@cornell.edu,Male
485,pmcalinedg@creativecommons.org,Male
486,mdumbeltondh@ameblo.jp,Male
487,bstorrydi@gravatar.com,Female
488,flovearddj@amazon.com,Male
489,jtomaszekdk@amazon.co.jp,Female
490,blongegadl@squidoo.com,Male
491,tvarvaradm@jiathis.com,Male
492,dpervoedn@goo.gl,Female
493,cmariettedo@geocities.jp,Female
494,xritmeyerdp@sitemeter.com,Female
495,chalidaydq@google.es,Male
496,mbodocsdr@statcounter.com,Female
497,csunnersds@cloudflare.com,Male
498,tcolcuttdt@upenn.edu,Female
499,cmariondu@businessinsider.com,Female
500,slitherboroughdv@nps.gov,Male
501,rfrounksdw@dell.com,Female
502,rglassarddx@weather.com,Male
503,cmilbydy@t-online.de,Female
504,afrontczakdz@wisc.edu,Female
505,hbumphreye0@theguardian.com,Male
506,kforstere1@smugmug.com,Male
507,abarthorpee2@drupal.org,Male
508,rwitcombe3@list-manage.com,Male
509,kofearguisee4@is.gd,Female
510,hhancille5@lulu.com,Male
511,hstanlicke6@multiply.com,Female
512,wtownrowe7@is.gd,Female
513,cburrise8@skyrock.com,Male
514,chellwinge9@devhub.com,Female
515,ksaltwellea@chronoengine.com,Male
516,lberthomeeb@sphinn.com,Female
517,edaineec@ebay.com,Male
518,legleseed@sogou.com,Male
519,cbrabbsee@examiner.com,Female
520,bwerlockef@nbcnews.com,Female
521,lnaiseyeg@istockphoto.com,Female
522,sriddleeh@quantcast.com,Female
523,rbarreauei@360.cn,Female
524,rstreatleyej@seattletimes.com,Male
525,cserotek@sun.com,Male
526,zmarjotel@psu.edu,Male
527,mfernaoem@cam.ac.uk,Female
528,rsteelen@csmonitor.com,Male
529,ddivalleo@epa.gov,Female
530,pmilsomep@telegraph.co.uk,Female
531,jgroomebridgeeq@bbb.org,Male
532,winglebyer@histats.com,Female
533,clises@storify.com,Male
534,dsheftonet@google.pl,Male
535,smaccartaireu@dot.gov,Male
536,qvynallev@businessweek.com,Female
537,jellicottew@uiuc.edu,Male
538,lholdeex@newsvine.com,Male
539,tancketilley@123-reg.co.uk,Female
540,cbeebeeez@bizjournals.com,Male
541,jknottf0@constantcontact.com,Female
542,jvanyarkinf1@newyorker.com,Male
543,ffilewoodf2@gov.uk,Male
544,rlaurencef3@time.com,Female
545,mdeetloff4@yandex.ru,Male
546,csturmanf5@usnews.com,Male
547,gfrisef6@1688.com,Male
548,jrozanskif7@craigslist.org,Female
549,fkrystekf8@unesco.org,Male
550,tgrimblef9@wsj.com,Male
551,gwanlessfa@i2i.jp,Female
552,kfriesefb@engadget.com,Male
553,btrownsonfc@hexun.com,Male
554,sriddlerfd@prnewswire.com,Male
555,prodderfe@webnode.com,Male
556,cdaftorff@baidu.com,Male
557,harmandfg@rakuten.co.jp,Male
558,tibanfh@taobao.com,Male
559,gnewhamfi@scribd.com,Female
560,jpenvardenfj@shop-pro.jp,Male
561,jzammittfk@mit.edu,Male
562,cdunnettfl@jimdo.com,Female
563,vhockeyfm@canalblog.com,Female
564,tbarajazfn@theglobeandmail.com,Female
565,mmarshallfo@sfgate.com,Female
566,oscottesmoorfp@mysql.com,Male
567,abruhnfq@ucsd.edu,Male
568,btappingtonfr@ning.com,Male
569,owinwardfs@indiatimes.com,Male
570,cwagerfieldft@webeden.co.uk,Female
571,opethrickfu@answers.com,Female
572,vgilhooleyfv@bbc.co.uk,Female
573,mliddingtonfw@time.com,Male
574,dkleenfx@free.fr,Female
575,iwoolseyfy@msu.edu,Male
576,amcvittyfz@i2i.jp,Female
577,lcordeirog0@senate.gov,Male
578,nwashtellg1@hao123.com,Female
579,rmerrellg2@paginegialle.it,Female
580,kknucklesg3@ucsd.edu,Male
581,mgodfrayg4@cnbc.com,Male
582,amattiag5@mozilla.org,Male
583,ehelmkeg6@dot.gov,Male
584,aedgsong7@google.es,Male
585,rlammerichg8@stanford.edu,Male
586,hfritschelg9@123-reg.co.uk,Male
587,jrobertoga@dagondesign.com,Male
588,mcabraragb@cnet.com,Male
589,ppratigc@google.it,Female
590,kgorrickgd@imgur.com,Female
591,tcathraege@auda.org.au,Female
592,kbilliardgf@about.com,Female
593,abingegg@blogs.com,Female
594,wbraishergh@dell.com,Male
595,dwittongi@diigo.com,Male
596,hmagnaygj@wix.com,Female
597,ksarfattigk@unblog.fr,Female
598,ebarczynskigl@tmall.com,Male
599,gwegmangm@homestead.com,Male
600,dtuckgn@technorati.com,Male
601,bfanstonego@soundcloud.com,Female
602,nskowcraftgp@is.gd,Male
603,jtoffanogq@tinypic.com,Female
604,bknowlesgr@tmall.com,Male
605,lchaizegs@phpbb.com,Male
606,bmalbygt@reference.com,Male
607,apiscopellogu@slideshare.net,Male
608,gyessongv@clickbank.net,Male
609,tgoudagw@stanford.edu,Female
610,ptreatgx@wufoo.com,Female
611,jmaclleesegy@slashdot.org,Male
612,gfarishgz@noaa.gov,Female
613,nlowndsboroughh0@earthlink.net,Female
614,spaynterh1@eepurl.com,Female
615,lbrittlesh2@discuz.net,Male
616,anewhouseh3@soup.io,Female
617,pbritcherh4@histats.com,Male
618,rbrunnsteinh5@tamu.edu,Female
619,tpudgeh6@ustream.tv,Female
620,fnooreh7@51.la,Male
621,jrangallh8@biglobe.ne.jp,Female
622,hambroseh9@spotify.com,Female
623,tflisherha@engadget.com,Male
624,jmarquesshb@utexas.edu,Female
625,jtrainorhc@dailymotion.com,Male
626,gbloomfieldhd@blogspot.com,Female
627,bcoramhe@istockphoto.com,Male
628,bambrozikhf@census.gov,Female
629,fkinzehg@surveymonkey.com,Male
630,botridgehh@tinypic.com,Male
631,scocklinhi@arstechnica.com,Female
632,cbarabichhj@amazon.com,Male
633,hmacandreishk@senate.gov,Female
634,hraddishhl@unicef.org,Male
635,ajohnstonhm@nature.com,Male
636,bandrolettihn@xing.com,Female
637,ikeavenyho@hc360.com,Male
638,emcgeneayhp@addtoany.com,Male
639,kdavidovhq@sphinn.com,Male
640,abromilowhr@e-recht24.de,Female
641,kbaudyhs@alexa.com,Male
642,ofarleyht@instagram.com,Female
643,dmauvinhu@geocities.jp,Female
644,lcolletonhv@smh.com.au,Female
645,orizzellihw@aboutads.info,Female
646,cmckissackhx@nps.gov,Female
647,pgagerhy@pcworld.com,Female
648,hberryhz@economist.com,Female
649,mcolbecki0@usatoday.com,Female
650,nstoitei1@furl.net,Female
651,smulchronei2@blogspot.com,Female
652,spennocki3@buzzfeed.com,Male
653,kdeancywillisi4@printfriendly.com,Male
654,dwarratti5@pinterest.com,Male
655,csprulli6@cafepress.com,Female
656,vpostansi7@sitemeter.com,Female
657,lstedei8@disqus.com,Female
658,jbuchanani9@dedecms.com,Male
659,lstrathmania@homestead.com,Male
660,cmcgorleyib@usda.gov,Male
661,lslanyic@imgur.com,Female
662,dbraidmanid@deviantart.com,Female
663,adearthie@yale.edu,Male
664,kodellif@mysql.com,Male
665,fdadeig@businessweek.com,Female
666,ohavilleih@stumbleupon.com,Male
667,ljobii@newsvine.com,Male
668,nbloxsomij@walmart.com,Female
669,obridgensik@bloomberg.com,Male
670,ayakovlevil@nature.com,Male
671,shovendenim@mediafire.com,Male
672,dfortunein@wired.com,Female
673,aconnerlyio@wsj.com,Male
674,sscothernip@ucsd.edu,Male
675,tlowersoniq@lycos.com,Female
676,prodolfiir@stanford.edu,Male
677,cpitkeathleyis@java.com,Female
678,gcastelynit@cornell.edu,Male
679,swardroperiu@loc.gov,Female
680,kdearlepalseriv@house.gov,Male
681,gdockwraiw@indiegogo.com,Male
682,edelbouxix@disqus.com,Female
683,hmcdavittiy@stanford.edu,Male
684,kgaganiz@dagondesign.com,Female
685,bfollanj0@blog.com,Female
686,saynscombej1@twitter.com,Female
687,nfazackerleyj2@sun.com,Female
688,mtraskej3@sphinn.com,Male
689,btamsj4@webeden.co.uk,Female
690,clingwoodj5@e-recht24.de,Female
691,eheadj6@google.fr,Male
692,bhedgej7@zdnet.com,Female
693,calexsandrevj8@wikimedia.org,Female
694,aroffj9@list-manage.com,Female
695,ndikleja@photobucket.com,Male
696,tdmitrichenkojb@mail.ru,Male
697,wemanulssonjc@telegraph.co.uk,Male
698,mbarthelmejd@chicagotribune.com,Female
699,dpainje@businessweek.com,Male
700,rleatherlandjf@feedburner.com,Male
701,rdirkinjg@scientificamerican.com,Female
702,jspancockjh@army.mil,Male
703,dforkanji@senate.gov,Female
704,gdeakinsjj@jalbum.net,Female
705,adampneyjk@unicef.org,Female
706,sknightjl@exblog.jp,Female
707,jmoradjm@macromedia.com,Male
708,avideanjn@odnoklassniki.ru,Male
709,ishrubsalljo@noaa.gov,Female
710,tcollsjp@hugedomains.com,Female
711,srosajq@marriott.com,Male
712,vstanyerjr@economist.com,Male
713,wricardotjs@walmart.com,Female
714,jabbeyjt@cisco.com,Female
715,ssnarieju@unicef.org,Male
716,dhulcoopjv@privacy.gov.au,Female
717,mpulmanjw@shareasale.com,Male
718,mroylancejx@themeforest.net,Female
719,jkarlolczakjy@addthis.com,Male
720,awollrauchjz@trellian.com,Male
721,nambroixk0@cloudflare.com,Female
722,kkershawk1@nature.com,Male
723,ebleadenk2@upenn.edu,Female
724,ubarnwillek3@harvard.edu,Male
725,btwistk4@unicef.org,Male
726,stzarkovk5@jugem.jp,Female
727,akynndk6@linkedin.com,Male
728,abendtsenk7@merriam-webster.com,Male
729,amacdermottk8@last.fm,Female
730,mpetheridgek9@soundcloud.com,Male
731,csanteka@telegraph.co.uk,Male
732,ckennlerkb@yellowpages.com,Male
733,mshearkc@examiner.com,Female
734,ryushachkovkd@discuz.net,Male
735,jteissierke@posterous.com,Female
736,bashboltkf@chicagotribune.com,Male
737,tstoatekg@examiner.com,Female
738,wkerranekh@buzzfeed.com,Female
739,ddewberryki@about.com,Male
740,cprenticekj@imageshack.us,Male
741,sklemzkk@mayoclinic.com,Female
742,miannellikl@usda.gov,Male
743,jspatkm@google.co.uk,Female
744,ablunsdenkn@virginia.edu,Female
745,pwagnerko@toplist.cz,Female
746,fmellenbykp@netscape.com,Male
747,pbaumberkq@gravatar.com,Male
748,rduckitkr@rambler.ru,Female
749,ahedinghamks@digg.com,Female
750,amikalskikt@nymag.com,Female
751,mpollieku@bandcamp.com,Female
752,jlottkv@is.gd,Female
753,klambillionkw@archive.org,Female
754,tvellenderkx@washington.edu,Male
755,tramshawky@discovery.com,Male
756,alathamkz@dot.gov,Male
757,dtumpanel0@npr.org,Female
758,rmacauleyl1@csmonitor.com,Male
759,ddotsonl2@reference.com,Female
760,bbettyl3@disqus.com,Male
761,lsmalmanl4@mayoclinic.com,Female
762,todgerl5@odnoklassniki.ru,Female
763,hgatenbyl6@last.fm,Male
764,bpyecroftl7@statcounter.com,Male
765,bdiemerl8@sakura.ne.jp,Female
766,fstaffordl9@opera.com,Female
767,tpundla@whitehouse.gov,Male
768,mkeyserlb@scribd.com,Female
769,ktempletonlc@foxnews.com,Female
770,jchecchild@ucsd.edu,Female
771,napplegatele@pinterest.com,Female
772,blambolelf@twitpic.com,Male
773,smackettricklg@nih.gov,Female
774,gconahylh@hhs.gov,Female
775,fhucksterli@dailymail.co.uk,Female
776,tbrotherhoodlj@goo.ne.jp,Female
777,slambartonlk@utexas.edu,Male
778,fbeedenll@bbc.co.uk,Male
779,hprivostlm@nationalgeographic.com,Male
780,cdumberrillln@ebay.co.uk,Male
781,unanettilo@cafepress.com,Female
782,ctoothilllp@rediff.com,Female
783,mdannehllq@prweb.com,Female
784,msimonetonlr@163.com,Male
785,bworsamls@huffingtonpost.com,Female
786,momaralt@ovh.net,Female
787,mrobichonlu@shinystat.com,Female
788,emacalisterlv@sogou.com,Male
789,hmacmaykinlw@mashable.com,Male
790,cbastablelx@youku.com,Female
791,bbernetly@hibu.com,Male
792,mmetzinglz@squidoo.com,Male
793,nirelandm0@so-net.ne.jp,Male
794,vsimonnetm1@jugem.jp,Female
795,ahardakerm2@quantcast.com,Male
796,kshorthousem3@adobe.com,Female
797,ngirdlestonem4@soup.io,Female
798,breddm5@fastcompany.com,Female
799,mbamberym6@admin.ch,Male
800,cludlemm7@flavors.me,Male
801,rnuttm8@arstechnica.com,Female
802,nriefm9@xinhuanet.com,Female
803,fheninghemma@wired.com,Female
804,gmuffenmb@comsenz.com,Female
805,pteagermc@squidoo.com,Female
806,vmerrellmd@rediff.com,Male
807,adantesiame@shutterfly.com,Female
808,lseefusmf@nytimes.com,Female
809,smaiermg@buzzfeed.com,Male
810,pdalgetymh@youtube.com,Female
811,kvasyatkinmi@slate.com,Female
812,tshadwickmj@bloomberg.com,Female
813,lbloodworthmk@spiegel.de,Male
814,vcrummayml@opera.com,Male
815,jtenauntmm@globo.com,Male
816,pickovitsmn@skyrock.com,Female
817,pbelchampmo@marketwatch.com,Female
818,bbrattonmp@ycombinator.com,Male
819,gdongallmq@pbs.org,Female
820,lmccullymr@discuz.net,Female
821,zswindellsms@comcast.net,Male
822,mhainmt@dion.ne.jp,Male
823,mgisburnemu@csmonitor.com,Female
824,hsauvanmv@usatoday.com,Male
825,bbarratmw@reuters.com,Male
826,jconradmx@bloomberg.com,Female
827,fremermy@skyrock.com,Female
828,agodferymz@creativecommons.org,Male
829,egaukrogern0@opera.com,Male
830,emaaszen1@unc.edu,Female
831,snaullsn2@xinhuanet.com,Female
832,jstefanovicn3@eepurl.com,Female
833,stollerfieldn4@eepurl.com,Female
834,ddaglessn5@istockphoto.com,Female
835,abonusn6@cloudflare.com,Female
836,aeannettan7@tinyurl.com,Female
837,rwoodstockn8@goo.gl,Male
838,priggen9@mtv.com,Female
839,ydeningtonna@archive.org,Female
840,ggodsonnb@uol.com.br,Female
841,ccadamync@cyberchimps.com,Female
842,vmarvellnd@google.fr,Female
843,ldeverillene@tripod.com,Male
844,acraythornnf@bloglovin.com,Male
845,thullyerng@1688.com,Female
846,eglisenannh@cnbc.com,Male
847,hfealyni@plala.or.jp,Female
848,bblaymiresnj@wisc.edu,Male
849,strimmingnk@wufoo.com,Female
850,mmackombnl@sitemeter.com,Female
851,cfeatherstonnm@moonfruit.com,Female
852,wcolumbellnn@tmall.com,Female
853,tpuddenno@cafepress.com,Male
854,pputterillnp@google.nl,Male
855,ssenussinq@rakuten.co.jp,Female
856,tgetcliffnr@linkedin.com,Female
857,estallybrassns@qq.com,Male
858,nkenneficknt@goo.gl,Male
859,gtebbutnu@weebly.com,Male
860,rlathleiffnv@nationalgeographic.com,Male
861,lbasilenw@nsw.gov.au,Male
862,cborrellnx@samsung.com,Female
863,mwoodesny@slashdot.org,Female
864,rchurlynz@goo.ne.jp,Male
865,djacmaro0@biblegateway.com,Female
866,scoddringtono1@ifeng.com,Female
867,tmerrikino2@forbes.com,Female
868,vabelovitzo3@reverbnation.com,Female
869,klabrenzo4@phpbb.com,Female
870,lattono5@typepad.com,Female
871,mdelfo6@storify.com,Male
872,gnibleyo7@quantcast.com,Male
873,msimonyo8@ox.ac.uk,Male
874,mlandreo9@cnbc.com,Male
875,clindenblattoa@discuz.net,Female
876,rdegoeyob@jimdo.com,Female
877,bmuttittoc@comsenz.com,Male
878,ctraskod@businesswire.com,Female
879,ncowoe@yellowpages.com,Male
880,ubarkasof@hubpages.com,Female
881,anettlesog@psu.edu,Male
882,apauncefootoh@shutterfly.com,Female
883,kgeindreoi@hhs.gov,Male
884,gklemmtoj@tamu.edu,Male
885,lblanchflowerok@shareasale.com,Male
886,bkipplingol@vkontakte.ru,Female
887,dpulsterom@odnoklassniki.ru,Female
888,swinearon@answers.com,Female
889,iscudamoreoo@washington.edu,Male
890,aarchibaldop@elegantthemes.com,Female
891,srakeoq@go.com,Female
892,jlitelor@patch.com,Female
893,mcaulliereos@weibo.com,Female
894,kesslementot@patch.com,Male
895,vwrothou@census.gov,Female
896,oclipsonov@economist.com,Female
897,amerrickow@nature.com,Male
898,tgarvaghox@cdc.gov,Female
899,istammleroy@prweb.com,Male
900,gtolussioz@narod.ru,Male
901,kmazellap0@jalbum.net,Female
902,cvarcoep1@oakley.com,Female
903,jsandersonp2@princeton.edu,Female
904,fwalshp3@facebook.com,Female
905,sburkhillp4@slate.com,Male
906,wtremathackp5@state.gov,Female
907,bjirsap6@shop-pro.jp,Male
908,tdonnettp7@51.la,Male
909,jdurnianp8@home.pl,Male
910,kdunkertonp9@irs.gov,Male
911,gmartuginpa@wordpress.org,Female
912,tcreenanpb@amazon.de,Male
913,chanepc@jimdo.com,Male
914,pitterpd@elpais.com,Female
915,hivanovicpe@comcast.net,Male
916,rglynnpf@domainmarket.com,Male
917,akeuntjepg@mlb.com,Female
918,sfraanchyonokph@bloglovin.com,Female
919,cteatherpi@sbwire.com,Female
920,cblaycockpj@yolasite.com,Female
921,phynepk@dell.com,Female
922,eokipl@intel.com,Female
923,jparadispm@google.co.uk,Male
924,thalksworthpn@statcounter.com,Male
925,kjanicpo@hao123.com,Male
926,vairtonpp@phpbb.com,Male
927,jstollsteinerpq@people.com.cn,Male
928,breariepr@baidu.com,Female
929,tvanderlindeps@cpanel.net,Female
930,kroccopt@exblog.jp,Female
931,nsowtepu@reverbnation.com,Female
932,gmyhillpv@yale.edu,Male
933,rzaniolettipw@home.pl,Female
934,csinkpx@psu.edu,Female
935,abacksalpy@nih.gov,Male
936,gwarnpz@icio.us,Female
937,janyeneq0@reddit.com,Female
938,rcamockeq1@businesswire.com,Female
939,jlambotinq2@techcrunch.com,Male
940,ssturdyq3@ycombinator.com,Female
941,cmunksq4@deliciousdays.com,Male
942,fjovisq5@theglobeandmail.com,Female
943,sdrinkelq6@e-recht24.de,Male
944,cgibbensq7@wufoo.com,Female
945,rdimontq8@businessinsider.com,Female
946,mstoyleq9@edublogs.org,Male
947,atortoiseqa@umich.edu,Male
948,rdelleqb@jalbum.net,Female
949,rdennantqc@reddit.com,Female
950,peschaletteqd@reddit.com,Male
951,cboninqe@t.co,Male
952,ssturgesqf@google.fr,Female
953,ceastbyqg@privacy.gov.au,Male
954,jdearloveqh@networksolutions.com,Male
955,jwaplingtonqi@yale.edu,Male
956,rkorejsqj@omniture.com,Male
957,cgallopqk@mail.ru,Male
958,mbaccupql@google.co.uk,Female
959,vitzhayekqm@blinklist.com,Male
960,askeffingtonqn@istockphoto.com,Female
961,ccarlosqo@auda.org.au,Female
962,swithropqp@utexas.edu,Male
963,dgambieqq@angelfire.com,Female
964,dcantonqr@wunderground.com,Female
965,cdrieuqs@auda.org.au,Male
966,kkobesqt@blinklist.com,Female
967,jheavisidequ@networksolutions.com,Male
968,gaggisqv@time.com,Female
969,oringsellqw@seattletimes.com,Female
970,wguilfoyleqx@scientificamerican.com,Female
971,ecoultqy@scientificamerican.com,Male
972,xheffordeqz@wordpress.com,Female
973,tnalderr0@etsy.com,Female
974,ethorsenr1@google.it,Female
975,pwigsellr2@printfriendly.com,Female
976,fallsupr3@youtu.be,Male
977,mlerohanr4@blogs.com,Male
978,vshoebrookr5@mashable.com,Male
979,ebackshallr6@nbcnews.com,Male
980,cgrimesr7@youtube.com,Male
981,dhrachovecr8@disqus.com,Male
982,dfitzgeraldr9@wired.com,Female
983,ctasselerra@123-reg.co.uk,Male
984,rwaggittrb@tmall.com,Female
985,jturnpennyrc@independent.co.uk,Female
986,kdirandrd@stanford.edu,Male
987,ebonhommere@forbes.com,Female
988,kfreibergrf@desdev.cn,Male
989,pmarkushkinrg@theglobeandmail.com,Male
990,hdechellerh@nhs.uk,Male
991,abrammerri@youku.com,Male
992,kgirogettirj@edublogs.org,Female
993,edatterk@vistaprint.com,Male
994,ncronkrl@bandcamp.com,Male
995,epirduerm@fotki.com,Female
996,hjedrysikrn@sina.com.cn,Female
997,sblackfordro@people.com.cn,Female
998,skeeferp@prlog.org,Male
999,fdumberrillrq@mayoclinic.com,Male
1000,fgablerrr@timesonline.co.uk,Male
